intersection_name,osm_node_id,,,Google Earth Data,,,,OSM Generated Data,,,,UTDF Data,,,,OSM and Google Earth Data Comparison,,,,,UTDF and Google Earth Data Comparison,,,,,OSM and Google Earth Data KPI,,,,,UTDF and Google Earth Data KPI,,,,
,,mvmt_txt_id,,Lanes,x-coordinate,y-coordinate,,Lanes,x-coordinate,y-coordinate,,Lanes,x-coordinate,y-coordinate,,Lane Comparison,,x_coord comparison,y_coord comparison,,Lane Comparison,,x_coord comparison,y_coord comparison,,Lane Comparison,,x_coord comparison,y_coord comparison,,Lane Comparison,,x_coord comparison,y_coord comparison,
SR 95 & 3rd Street,1464400472,NBL,,1,-114.568668,35.1459093,,1,-114.56869,35.14588998,,1,,,,0,,2.19659E-05,1.9316E-05,,0,,,,,1,,,,,1,,,,
SR 95 & 3rd Street,1464400472,NBT,,1,,,,1,,,,2,,,,1,,0,0,,0,,,,,0,,,,,1,,,,
SR 95 & 3rd Street,1464400472,NBR,,0,,,,1,,,,0,,,,0,,0,0,,0,,,,,1,,,,,1,,,,
SR 95 & 3rd Street,1464400472,NBTL,,0,,,,0,,,,0,,,,-,,0,0,,-,,,,,0,,,,,0,,,,
SR 95 & 3rd Street,1464400472,NBTR,,1,,,,0,,,,0,,,,-,,0,0,,-,,,,,0,,,,,0,,,,
SR 95 & 3rd Street,1464400472,SBL,,1,,,,1,,,,1,,,,1,,0,0,,1,,,,,0,,,,,0,,,,
SR 95 & 3rd Street,1464400472,SBT,,1,,,,1,,,,2,,,,1,,0,0,,0,,,,,0,,,,,1,,,,
SR 95 & 3rd Street,1464400472,SBR,,0,,,,1,,,,0,,,,-1,,0,0,,0,,,,,0,,,,,1,,,,
SR 95 & 3rd Street,1464400472,SBTL,,1,,,,0,,,,0,,,,-,,0,0,,-,,,,,0,,,,,0,,,,
SR 95 & 3rd Street,1464400472,SBTR,,0,,,,0,,,,0,,,,-,,0,0,,-,,,,,0,,,,,0,,,,
SR 95 & 3rd Street,1464400472,EBL,,1,,,,1,,,,1,,,,0,,0,0,,0,,,,,1,,,,,1,,,,
SR 95 & 3rd Street,1464400472,EBT,,0,,,,1,,,,1,,,,0,,0,0,,0,,,,,1,,,,,1,,,,
SR 95 & 3rd Street,1464400472,EBR,,0,,,,1,,,,0,,,,0,,0,0,,0,,,,,1,,,,,1,,,,
SR 95 & 3rd Street,1464400472,EBTL,,0,,,,0,,,,0,,,,-,,0,0,,-,,,,,0,,,,,0,,,,
SR 95 & 3rd Street,1464400472,EBTR,,1,,,,0,,,,0,,,,-,,0,0,,-,,,,,0,,,,,0,,,,
SR 95 & 3rd Street,1464400472,WBL,,1,,,,1,,,,1,,,,0,,0,0,,0,,,,,1,,,,,1,,,,
SR 95 & 3rd Street,1464400472,WBT,,0,,,,1,,,,1,,,,0,,0,0,,0,,,,,1,,,,,1,,,,
SR 95 & 3rd Street,1464400472,WBR,,0,,,,1,,,,1,,,,0,,0,0,,-1,,,,,1,,,,,0,,,,
SR 95 & 3rd Street,1464400472,WBTL,,0,,,,0,,,,0,,,,-,,0,0,,-,,,,,0,,,,,0,,,,
SR 95 & 3rd Street,1464400472,WBTR,,1,,,,0,,,,0,,,,-,,0,0,,-,,,,,0,,,,,0,,,,
SR 95 & Hancock,175216725,NBL,,1,-114.598055,35.1074095,,1,-114.59806,35.10738,,1,,,,0,,4.987E-06,2.94995E-05,,0,,,,,1,,,,,1,,,,
SR 95 & Hancock,175216725,NBT,,1,,,,1,,,,2,,,,1,,0,0,,0,,,,,0,,,,,1,,,,
SR 95 & Hancock,175216725,NBR,,0,,,,1,,,,0,,,,0,,0,0,,0,,,,,1,,,,,1,,,,
SR 95 & Hancock,175216725,NBTL,,0,,,,0,,,,0,,,,-,,0,0,,-,,,,,0,,,,,0,,,,
SR 95 & Hancock,175216725,NBTR,,1,,,,0,,,,0,,,,-,,0,0,,-,,,,,0,,,,,0,,,,
SR 95 & Hancock,175216725,SBL,,1,,,,1,,,,1,,,,0,,0,0,,0,,,,,1,,,,,1,,,,
SR 95 & Hancock,175216725,SBT,,2,,,,1,,,,2,,,,1,,0,0,,0,,,,,0,,,,,1,,,,
SR 95 & Hancock,175216725,SBR,,1,,,,1,,,,1,,,,0,,0,0,,0,,,,,1,,,,,1,,,,
SR 95 & Hancock,175216725,SBTL,,0,,,,0,,,,0,,,,-,,0,0,,-,,,,,0,,,,,0,,,,
SR 95 & Hancock,175216725,SBTR,,0,,,,0,,,,0,,,,-,,0,0,,-,,,,,0,,,,,0,,,,
SR 95 & Hancock,175216725,EBL,,2,,,,1,,,,2,,,,1,,0,0,,0,,,,,0,,,,,1,,,,
SR 95 & Hancock,175216725,EBT,,1,,,,1,,,,1,,,,0,,0,0,,0,,,,,1,,,,,1,,,,
SR 95 & Hancock,175216725,EBR,,1,,,,1,,,,1,,,,0,,0,0,,0,,,,,1,,,,,1,,,,
SR 95 & Hancock,175216725,EBTL,,0,,,,0,,,,0,,,,-,,0,0,,-,,,,,0,,,,,0,,,,
SR 95 & Hancock,175216725,EBTR,,0,,,,0,,,,0,,,,-,,0,0,,-,,,,,0,,,,,0,,,,
SR 95 & Hancock,175216725,WBL,,0,,,,1,,,,0,,,,0,,0,0,,1,,,,,1,,,,,0,,,,
SR 95 & Hancock,175216725,WBT,,0,,,,1,,,,2,,,,1,,0,0,,0,,,,,0,,,,,1,,,,
SR 95 & Hancock,175216725,WBR,,0,,,,1,,,,0,,,,0,,0,0,,0,,,,,1,,,,,1,,,,
SR 95 & Hancock,175216725,WBTL,,1,,,,0,,,,0,,,,-,,0,0,,-,,,,,0,,,,,0,,,,
SR 95 & Hancock,175216725,WBTR,,1,,,,0,,,,0,,,,-,,0,0,,-,,,,,0,,,,,0,,,,
Plata & SR 95,175229706,NBL,,1,-114.589271,35.1205913,,1,-114.58923,35.12059001,,1,,,,0,,-4.10127E-05,1.29441E-06,,0,,,,,1,,,,,1,,,,
Plata & SR 95,175229706,NBT,,1,,,,1,,,,1,,,,1,,0,0,,1,,,,,0,,,,,0,,,,
Plata & SR 95,175229706,NBR,,0,,,,1,,,,0,,,,0,,0,0,,0,,,,,1,,,,,1,,,,
Plata & SR 95,175229706,NBTL,,0,,,,0,,,,0,,,,-,,0,0,,-,,,,,0,,,,,0,,,,
Plata & SR 95,175229706,NBTR,,1,,,,0,,,,0,,,,-,,0,0,,-,,,,,0,,,,,0,,,,
Plata & SR 95,175229706,SBL,,1,,,,1,,,,1,,,,0,,0,0,,0,,,,,1,,,,,1,,,,
Plata & SR 95,175229706,SBT,,1,,,,1,,,,1,,,,1,,0,0,,1,,,,,0,,,,,0,,,,
Plata & SR 95,175229706,SBR,,0,,,,1,,,,0,,,,0,,0,0,,0,,,,,1,,,,,1,,,,
Plata & SR 95,175229706,SBTL,,0,,,,0,,,,0,,,,-,,0,0,,-,,,,,0,,,,,0,,,,
Plata & SR 95,175229706,SBTR,,1,,,,0,,,,0,,,,-,,0,0,,-,,,,,0,,,,,0,,,,
Plata & SR 95,175229706,EBL,,1,,,,1,,,,1,,,,0,,0,0,,0,,,,,1,,,,,1,,,,
Plata & SR 95,175229706,EBT,,0,,,,1,,,,2,,,,0,,0,0,,-1,,,,,1,,,,,0,,,,
Plata & SR 95,175229706,EBR,,0,,,,1,,,,0,,,,0,,0,0,,0,,,,,1,,,,,1,,,,
Plata & SR 95,175229706,EBTL,,0,,,,0,,,,0,,,,-,,0,0,,-,,,,,0,,,,,0,,,,
Plata & SR 95,175229706,EBTR,,1,,,,0,,,,0,,,,-,,0,0,,-,,,,,0,,,,,0,,,,
Plata & SR 95,175229706,WBL,,1,,,,1,,,,0,,,,0,,0,0,,1,,,,,1,,,,,0,,,,
Plata & SR 95,175229706,WBT,,0,,,,1,,,,2,,,,0,,0,0,,-1,,,,,1,,,,,0,,,,
Plata & SR 95,175229706,WBR,,0,,,,1,,,,0,,,,0,,0,0,,0,,,,,1,,,,,1,,,,
Plata & SR 95,175229706,WBTL,,0,,,,0,,,,0,,,,-,,0,0,,-,,,,,0,,,,,0,,,,
Plata & SR 95,175229706,WBTR,,1,,,,0,,,,0,,,,-,,0,0,,-,,,,,0,,,,,0,,,,
Clubhouse & SR 95,175236778,NBL,,1,-114.594824,35.1191548,,1,-114.5948,35.11916001,,0,,,,0,,-2.39866E-05,-5.211E-06,,1,,,,,1,,,,,0,,,,
Clubhouse & SR 95,175236778,NBT,,2,,,,1,,,,0,,,,1,,0,0,,2,,,,,0,,,,,0,,,,
Clubhouse & SR 95,175236778,NBR,,0,,,,1,,,,0,,,,-1,,0,0,,0,,,,,0,,,,,1,,,,
Clubhouse & SR 95,175236778,NBTL,,0,,,,0,,,,0,,,,-,,0,0,,-,,,,,0,,,,,0,,,,
Clubhouse & SR 95,175236778,NBTR,,0,,,,0,,,,0,,,,-,,0,0,,-,,,,,0,,,,,0,,,,
Clubhouse & SR 95,175236778,SBL,,0,,,,1,,,,1,,,,-1,,0,0,,-1,,,,,0,,,,,0,,,,
Clubhouse & SR 95,175236778,SBT,,2,,,,1,,,,0,,,,1,,0,0,,2,,,,,0,,,,,0,,,,
Clubhouse & SR 95,175236778,SBR,,1,,,,1,,,,1,,,,0,,0,0,,0,,,,,1,,,,,1,,,,
Clubhouse & SR 95,175236778,SBTL,,0,,,,0,,,,0,,,,-,,0,0,,-,,,,,0,,,,,0,,,,
Clubhouse & SR 95,175236778,SBTR,,0,,,,0,,,,0,,,,-,,0,0,,-,,,,,0,,,,,0,,,,
Clubhouse & SR 95,175236778,EBL,,0,,,,1,,,,1,,,,0,,0,0,,0,,,,,1,,,,,1,,,,
Clubhouse & SR 95,175236778,EBT,,0,,,,1,,,,2,,,,1,,0,0,,0,,,,,0,,,,,1,,,,
Clubhouse & SR 95,175236778,EBR,,0,,,,1,,,,0,,,,0,,0,0,,0,,,,,1,,,,,1,,,,
Clubhouse & SR 95,175236778,EBTL,,1,,,,0,,,,0,,,,-,,0,0,,-,,,,,0,,,,,0,,,,
Clubhouse & SR 95,175236778,EBTR,,1,,,,0,,,,0,,,,-,,0,0,,-,,,,,0,,,,,0,,,,
Clubhouse & SR 95,175236778,WBL,,0,,,,1,,,,0,,,,-1,,0,0,,0,,,,,0,,,,,1,,,,
Clubhouse & SR 95,175236778,WBT,,0,,,,1,,,,2,,,,-1,,0,0,,-2,,,,,0,,,,,0,,,,
Clubhouse & SR 95,175236778,WBR,,0,,,,1,,,,0,,,,-1,,0,0,,0,,,,,0,,,,,1,,,,
Clubhouse & SR 95,175236778,WBTL,,0,,,,0,,,,0,,,,-,,0,0,,-,,,,,0,,,,,0,,,,
Clubhouse & SR 95,175236778,WBTR,,0,,,,0,,,,0,,,,-,,0,0,,-,,,,,0,,,,,0,,,,
SR 95 & Thunderstruck,175263709,NBL,,1,-114.5980283,35.1055818,,1,-114.59804,35.10557001,,0,,,,0,,1.17381E-05,1.17877E-05,,1,,,,,1,,,,,0,,,,
SR 95 & Thunderstruck,175263709,NBT,,2,,,,1,,,,2,,,,1,,0,0,,0,,,,,0,,,,,1,,,,
SR 95 & Thunderstruck,175263709,NBR,,1,,,,1,,,,1,,,,0,,0,0,,0,,,,,1,,,,,1,,,,
SR 95 & Thunderstruck,175263709,NBTL,,0,,,,0,,,,0,,,,-,,0,0,,-,,,,,0,,,,,0,,,,
SR 95 & Thunderstruck,175263709,NBTR,,0,,,,0,,,,0,,,,-,,0,0,,-,,,,,0,,,,,0,,,,
SR 95 & Thunderstruck,175263709,SBL,,1,,,,1,,,,1,,,,0,,0,0,,0,,,,,1,,,,,1,,,,
SR 95 & Thunderstruck,175263709,SBT,,1,,,,1,,,,2,,,,1,,0,0,,0,,,,,0,,,,,1,,,,
SR 95 & Thunderstruck,175263709,SBR,,0,,,,1,,,,0,,,,0,,0,0,,0,,,,,1,,,,,1,,,,
SR 95 & Thunderstruck,175263709,SBTL,,0,,,,0,,,,0,,,,-,,0,0,,-,,,,,0,,,,,0,,,,
SR 95 & Thunderstruck,175263709,SBTR,,1,,,,0,,,,0,,,,-,,0,0,,-,,,,,0,,,,,0,,,,
SR 95 & Thunderstruck,175263709,EBL,,0,,,,1,,,,0,,,,0,,0,0,,1,,,,,1,,,,,0,,,,
SR 95 & Thunderstruck,175263709,EBT,,0,,,,1,,,,0,,,,1,,0,0,,2,,,,,0,,,,,0,,,,
SR 95 & Thunderstruck,175263709,EBR,,0,,,,1,,,,0,,,,0,,0,0,,0,,,,,1,,,,,1,,,,
SR 95 & Thunderstruck,175263709,EBTL,,1,,,,0,,,,0,,,,-,,0,0,,-,,,,,0,,,,,0,,,,
SR 95 & Thunderstruck,175263709,EBTR,,1,,,,0,,,,0,,,,-,,0,0,,-,,,,,0,,,,,0,,,,
SR 95 & Thunderstruck,175263709,WBL,,0,,,,1,,,,1,,,,0,,0,0,,0,,,,,1,,,,,1,,,,
SR 95 & Thunderstruck,175263709,WBT,,0,,,,1,,,,0,,,,1,,0,0,,2,,,,,0,,,,,0,,,,
SR 95 & Thunderstruck,175263709,WBR,,0,,,,1,,,,0,,,,0,,0,0,,0,,,,,1,,,,,1,,,,
SR 95 & Thunderstruck,175263709,WBTL,,1,,,,0,,,,0,,,,-,,0,0,,-,,,,,0,,,,,0,,,,
SR 95 & Thunderstruck,175263709,WBTR,,1,,,,0,,,,0,,,,-,,0,0,,-,,,,,0,,,,,0,,,,
SR 95 & Ramar,175215355,NBL,,1,-114.598093,35.1152091,,1,-114.59809,35.11522001,,1,,,,0,,-3.00579E-06,-1.09136E-05,,0,,,,,1,,,,,1,,,,
SR 95 & Ramar,175215355,NBT,,0,,,,1,,,,2,,,,0,,0,0,,-1,,,,,1,,,,,0,,,,
SR 95 & Ramar,175215355,NBR,,0,,,,1,,,,0,,,,0,,0,0,,0,,,,,1,,,,,1,,,,
SR 95 & Ramar,175215355,NBTL,,0,,,,0,,,,0,,,,-,,0,0,,-,,,,,0,,,,,0,,,,
SR 95 & Ramar,175215355,NBTR,,1,,,,0,,,,0,,,,-,,0,0,,-,,,,,0,,,,,0,,,,
SR 95 & Ramar,175215355,SBL,,1,,,,1,,,,1,,,,0,,0,0,,0,,,,,1,,,,,1,,,,
SR 95 & Ramar,175215355,SBT,,0,,,,1,,,,2,,,,0,,0,0,,-1,,,,,1,,,,,0,,,,
SR 95 & Ramar,175215355,SBR,,0,,,,1,,,,0,,,,0,,0,0,,0,,,,,1,,,,,1,,,,
SR 95 & Ramar,175215355,SBTL,,0,,,,0,,,,0,,,,-,,0,0,,-,,,,,0,,,,,0,,,,
SR 95 & Ramar,175215355,SBTR,,1,,,,0,,,,0,,,,-,,0,0,,-,,,,,0,,,,,0,,,,
SR 95 & Ramar,175215355,EBL,,1,,,,1,,,,1,,,,0,,0,0,,0,,,,,1,,,,,1,,,,
SR 95 & Ramar,175215355,EBT,,1,,,,1,,,,1,,,,0,,0,0,,0,,,,,1,,,,,1,,,,
SR 95 & Ramar,175215355,EBR,,1,,,,1,,,,0,,,,0,,0,0,,1,,,,,1,,,,,0,,,,
SR 95 & Ramar,175215355,EBTL,,0,,,,0,,,,0,,,,-,,0,0,,-,,,,,0,,,,,0,,,,
SR 95 & Ramar,175215355,EBTR,,0,,,,0,,,,0,,,,-,,0,0,,-,,,,,0,,,,,0,,,,
SR 95 & Ramar,175215355,WBL,,1,,,,1,,,,1,,,,0,,0,0,,0,,,,,1,,,,,1,,,,
SR 95 & Ramar,175215355,WBT,,1,,,,1,,,,0,,,,1,,0,0,,2,,,,,0,,,,,0,,,,
SR 95 & Ramar,175215355,WBR,,0,,,,1,,,,1,,,,0,,0,0,,-1,,,,,1,,,,,0,,,,
SR 95 & Ramar,175215355,WBTL,,0,,,,0,,,,0,,,,-,,0,0,,-,,,,,0,,,,,0,,,,
SR 95 & Ramar,175215355,WBTR,,1,,,,0,,,,0,,,,-,,0,0,,-,,,,,0,,,,,0,,,,
SR 95 & Laughlin Ranch,8523160344,NBL,,1,-114.571117,35.1360482,,1,-114.57118,35.13593999,,?,,,,0,,6.29779E-05,0.000108206,,N/A,,,,,1,,,,,0,,,,
SR 95 & Laughlin Ranch,8523160344,NBT,,2,,,,2,,,,2,,,,0,,0,0,,0,,,,,1,,,,,1,,,,
SR 95 & Laughlin Ranch,8523160344,NBR,,1,,,,1,,,,?,,,,0,,0,0,,N/A,,,,,1,,,,,0,,,,
SR 95 & Laughlin Ranch,8523160344,NBTL,,0,,,,0,,,,?,,,,-,,0,0,,-,,,,,0,,,,,0,,,,
SR 95 & Laughlin Ranch,8523160344,NBTR,,0,,,,0,,,,?,,,,-,,0,0,,-,,,,,0,,,,,0,,,,
SR 95 & Laughlin Ranch,8523160344,SBL,,1,,,,1,,,,?,,,,0,,0,0,,N/A,,,,,1,,,,,0,,,,
SR 95 & Laughlin Ranch,8523160344,SBT,,1,,,,2,,,,2,,,,0,,0,0,,0,,,,,1,,,,,1,,,,
SR 95 & Laughlin Ranch,8523160344,SBR,,0,,,,1,,,,?,,,,0,,0,0,,N/A,,,,,1,,,,,0,,,,
SR 95 & Laughlin Ranch,8523160344,SBTL,,0,,,,0,,,,?,,,,-,,0,0,,-,,,,,0,,,,,0,,,,
SR 95 & Laughlin Ranch,8523160344,SBTR,,1,,,,0,,,,?,,,,-,,0,0,,-,,,,,0,,,,,0,,,,
SR 95 & Laughlin Ranch,8523160344,EBL,,1,,,,1,,,,?,,,,0,,0,0,,N/A,,,,,1,,,,,0,,,,
SR 95 & Laughlin Ranch,8523160344,EBT,,1,,,,1,,,,?,,,,0,,0,0,,N/A,,,,,1,,,,,0,,,,
SR 95 & Laughlin Ranch,8523160344,EBR,,1,,,,1,,,,?,,,,0,,0,0,,N/A,,,,,1,,,,,0,,,,
SR 95 & Laughlin Ranch,8523160344,EBTL,,0,,,,0,,,,?,,,,-,,0,0,,-,,,,,0,,,,,0,,,,
SR 95 & Laughlin Ranch,8523160344,EBTR,,0,,,,0,,,,?,,,,-,,0,0,,-,,,,,0,,,,,0,,,,
SR 95 & Laughlin Ranch,8523160344,WBL,,1,,,,1,,,,?,,,,0,,0,0,,N/A,,,,,1,,,,,0,,,,
SR 95 & Laughlin Ranch,8523160344,WBT,,1,,,,1,,,,?,,,,0,,0,0,,N/A,,,,,1,,,,,0,,,,
SR 95 & Laughlin Ranch,8523160344,WBR,,1,,,,1,,,,?,,,,0,,0,0,,N/A,,,,,1,,,,,0,,,,
SR 95 & Laughlin Ranch,8523160344,WBTL,,0,,,,0,,,,?,,,,-,,0,0,,-,,,,,0,,,,,0,,,,
SR 95 & Laughlin Ranch,8523160344,WBTR,,0,,,,0,,,,?,,,,-,,0,0,,-,,,,,0,,,,,0,,,,
SR 95 & Silvercreek,175084962,NBL,,1,-114.582145,35.1228185,,1,-114.5823,35.12279,,?,,,,0,,0.000154997,2.84963E-05,,N/A,,,,,1,,,,,0,,,,
SR 95 & Silvercreek,175084962,NBT,,2,,,,1,,,,?,,,,1,,0,0,,N/A,,,,,0,,,,,0,,,,
SR 95 & Silvercreek,175084962,NBR,,1,,,,1,,,,?,,,,0,,0,0,,N/A,,,,,1,,,,,0,,,,
SR 95 & Silvercreek,175084962,NBTL,,0,,,,0,,,,?,,,,-,,0,0,,-,,,,,0,,,,,0,,,,
SR 95 & Silvercreek,175084962,NBTR,,0,,,,0,,,,?,,,,-,,0,0,,-,,,,,0,,,,,0,,,,
SR 95 & Silvercreek,175084962,SBL,,2,,,,1,,,,?,,,,1,,0,0,,N/A,,,,,0,,,,,0,,,,
SR 95 & Silvercreek,175084962,SBT,,2,,,,1,,,,?,,,,1,,0,0,,N/A,,,,,0,,,,,0,,,,
SR 95 & Silvercreek,175084962,SBR,,0,,,,1,,,,?,,,,-1,,0,0,,N/A,,,,,0,,,,,0,,,,
SR 95 & Silvercreek,175084962,SBTL,,0,,,,0,,,,?,,,,-,,0,0,,-,,,,,0,,,,,0,,,,
SR 95 & Silvercreek,175084962,SBTR,,0,,,,0,,,,?,,,,-,,0,0,,-,,,,,0,,,,,0,,,,
SR 95 & Silvercreek,175084962,EBL,,0,,,,1,,,,?,,,,-1,,0,0,,N/A,,,,,0,,,,,0,,,,
SR 95 & Silvercreek,175084962,EBT,,0,,,,1,,,,?,,,,-1,,0,0,,N/A,,,,,0,,,,,0,,,,
SR 95 & Silvercreek,175084962,EBR,,0,,,,1,,,,?,,,,-1,,0,0,,N/A,,,,,0,,,,,0,,,,
SR 95 & Silvercreek,175084962,EBTL,,0,,,,0,,,,?,,,,-,,0,0,,-,,,,,0,,,,,0,,,,
SR 95 & Silvercreek,175084962,EBTR,,0,,,,0,,,,?,,,,-,,0,0,,-,,,,,0,,,,,0,,,,
SR 95 & Silvercreek,175084962,WBL,,2,,,,1,,,,?,,,,1,,0,0,,N/A,,,,,0,,,,,0,,,,
SR 95 & Silvercreek,175084962,WBT,,0,,,,1,,,,?,,,,-1,,0,0,,N/A,,,,,0,,,,,0,,,,
SR 95 & Silvercreek,175084962,WBR,,1,,,,1,,,,?,,,,0,,0,0,,N/A,,,,,1,,,,,0,,,,
SR 95 & Silvercreek,175084962,WBTL,,0,,,,0,,,,?,,,,-,,0,0,,-,,,,,0,,,,,0,,,,
SR 95 & Silvercreek,175084962,WBTR,,0,,,,0,,,,?,,,,-,,0,0,,-,,,,,0,,,,,0,,,,
SR 95 & Rancho Colorado,175244587,NBL,,0,-114.577053,35.1269006,,1,-114.57706,35.12689999,,?,,,,-1,,6.96678E-06,6.13879E-07,,N/A,,,,,0,,,,,0,,,,
SR 95 & Rancho Colorado,175244587,NBT,,1,,,,1,,,,?,,,,1,,0,0,,N/A,,,,,0,,,,,0,,,,
SR 95 & Rancho Colorado,175244587,NBR,,0,,,,1,,,,?,,,,0,,0,0,,N/A,,,,,1,,,,,0,,,,
SR 95 & Rancho Colorado,175244587,NBTL,,0,,,,0,,,,?,,,,-,,0,0,,-,,,,,0,,,,,0,,,,
SR 95 & Rancho Colorado,175244587,NBTR,,1,,,,0,,,,?,,,,-,,0,0,,-,,,,,0,,,,,0,,,,
SR 95 & Rancho Colorado,175244587,SBL,,1,,,,1,,,,?,,,,0,,0,0,,N/A,,,,,1,,,,,0,,,,
SR 95 & Rancho Colorado,175244587,SBT,,1,,,,1,,,,?,,,,0,,0,0,,N/A,,,,,1,,,,,0,,,,
SR 95 & Rancho Colorado,175244587,SBR,,0,,,,1,,,,?,,,,-1,,0,0,,N/A,,,,,0,,,,,0,,,,
SR 95 & Rancho Colorado,175244587,SBTL,,0,,,,0,,,,?,,,,-,,0,0,,-,,,,,0,,,,,0,,,,
SR 95 & Rancho Colorado,175244587,SBTR,,0,,,,0,,,,?,,,,-,,0,0,,-,,,,,0,,,,,0,,,,
SR 95 & Rancho Colorado,175244587,EBL,,0,,,,1,,,,?,,,,-1,,0,0,,N/A,,,,,0,,,,,0,,,,
SR 95 & Rancho Colorado,175244587,EBT,,0,,,,1,,,,?,,,,-1,,0,0,,N/A,,,,,0,,,,,0,,,,
SR 95 & Rancho Colorado,175244587,EBR,,0,,,,1,,,,?,,,,-1,,0,0,,N/A,,,,,0,,,,,0,,,,
SR 95 & Rancho Colorado,175244587,EBTL,,0,,,,0,,,,?,,,,-,,0,0,,-,,,,,0,,,,,0,,,,
SR 95 & Rancho Colorado,175244587,EBTR,,0,,,,0,,,,?,,,,-,,0,0,,-,,,,,0,,,,,0,,,,
SR 95 & Rancho Colorado,175244587,WBL,,1,,,,1,,,,?,,,,0,,0,0,,N/A,,,,,1,,,,,0,,,,
SR 95 & Rancho Colorado,175244587,WBT,,0,,,,1,,,,?,,,,-1,,0,0,,N/A,,,,,0,,,,,0,,,,
SR 95 & Rancho Colorado,175244587,WBR,,1,,,,1,,,,?,,,,0,,0,0,,N/A,,,,,1,,,,,0,,,,
SR 95 & Rancho Colorado,175244587,WBTL,,0,,,,0,,,,?,,,,-,,0,0,,-,,,,,0,,,,,0,,,,
SR 95 & Rancho Colorado,175244587,WBTR,,0,,,,0,,,,?,,,,-,,0,0,,-,,,,,0,,,,,0,,,,
SR 95 & Mohave,175233447,NBL,,1,-114.59765,35.0841894,,1,-114.59767,35.08420001,,1,,,,0,,1.9977E-05,-1.06149E-05,,0,,,,,1,,,,,1,,,,
SR 95 & Mohave,175233447,NBT,,2,,,,1,,,,2,,,,1,,0,0,,0,,,,,0,,,,,1,,,,
SR 95 & Mohave,175233447,NBR,,1,,,,1,,,,1,,,,0,,0,0,,0,,,,,1,,,,,1,,,,
SR 95 & Mohave,175233447,NBTL,,0,,,,0,,,,0,,,,-,,0,0,,-,,,,,0,,,,,0,,,,
SR 95 & Mohave,175233447,NBTR,,0,,,,0,,,,0,,,,-,,0,0,,-,,,,,0,,,,,0,,,,
SR 95 & Mohave,175233447,SBL,,1,,,,1,,,,1,,,,0,,0,0,,0,,,,,1,,,,,1,,,,
SR 95 & Mohave,175233447,SBT,,1,,,,1,,,,2,,,,1,,0,0,,0,,,,,0,,,,,1,,,,
SR 95 & Mohave,175233447,SBR,,0,,,,1,,,,0,,,,0,,0,0,,0,,,,,1,,,,,1,,,,
SR 95 & Mohave,175233447,SBTL,,0,,,,0,,,,0,,,,-,,0,0,,-,,,,,0,,,,,0,,,,
SR 95 & Mohave,175233447,SBTR,,1,,,,0,,,,0,,,,-,,0,0,,-,,,,,0,,,,,0,,,,
SR 95 & Mohave,175233447,EBL,,1,,,,1,,,,1,,,,0,,0,0,,0,,,,,1,,,,,1,,,,
SR 95 & Mohave,175233447,EBT,,0,,,,1,,,,1,,,,0,,0,0,,0,,,,,1,,,,,1,,,,
SR 95 & Mohave,175233447,EBR,,0,,,,1,,,,0,,,,0,,0,0,,0,,,,,1,,,,,1,,,,
SR 95 & Mohave,175233447,EBTL,,0,,,,0,,,,0,,,,-,,0,0,,-,,,,,0,,,,,0,,,,
SR 95 & Mohave,175233447,EBTR,,1,,,,0,,,,0,,,,-,,0,0,,-,,,,,0,,,,,0,,,,
SR 95 & Mohave,175233447,WBL,,1,,,,1,,,,1,,,,0,,0,0,,0,,,,,1,,,,,1,,,,
SR 95 & Mohave,175233447,WBT,,0,,,,1,,,,1,,,,0,,0,0,,0,,,,,1,,,,,1,,,,
SR 95 & Mohave,175233447,WBR,,0,,,,1,,,,0,,,,0,,0,0,,0,,,,,1,,,,,1,,,,
SR 95 & Mohave,175233447,WBTL,,0,,,,0,,,,0,,,,-,,0,0,,-,,,,,0,,,,,0,,,,
SR 95 & Mohave,175233447,WBTR,,1,,,,0,,,,0,,,,-,,0,0,,-,,,,,0,,,,,0,,,,
SR 95 & 7th Street,1464400520,NBL,,1,-114.5675232,35.1531317,,1,-114.56747,35.15312,,1,,,,0,,-5.32201E-05,1.16958E-05,,0,,,,,1,,,,,1,,,,
SR 95 & 7th Street,1464400520,NBT,,1,,,,1,,,,2,,,,1,,0,0,,0,,,,,0,,,,,1,,,,
SR 95 & 7th Street,1464400520,NBR,,0,,,,1,,,,0,,,,0,,0,0,,0,,,,,1,,,,,1,,,,
SR 95 & 7th Street,1464400520,NBTL,,0,,,,0,,,,0,,,,-,,0,0,,-,,,,,0,,,,,0,,,,
SR 95 & 7th Street,1464400520,NBTR,,1,,,,0,,,,0,,,,-,,0,0,,-,,,,,0,,,,,0,,,,
SR 95 & 7th Street,1464400520,SBL,,1,,,,1,,,,1,,,,1,,0,0,,1,,,,,0,,,,,0,,,,
SR 95 & 7th Street,1464400520,SBT,,1,,,,1,,,,2,,,,1,,0,0,,0,,,,,0,,,,,1,,,,
SR 95 & 7th Street,1464400520,SBR,,0,,,,1,,,,0,,,,-1,,0,0,,0,,,,,0,,,,,1,,,,
SR 95 & 7th Street,1464400520,SBTL,,1,,,,0,,,,0,,,,-,,0,0,,-,,,,,0,,,,,0,,,,
SR 95 & 7th Street,1464400520,SBTR,,0,,,,0,,,,0,,,,-,,0,0,,-,,,,,0,,,,,0,,,,
SR 95 & 7th Street,1464400520,EBL,,1,,,,1,,,,1,,,,0,,0,0,,0,,,,,1,,,,,1,,,,
SR 95 & 7th Street,1464400520,EBT,,0,,,,1,,,,1,,,,0,,0,0,,0,,,,,1,,,,,1,,,,
SR 95 & 7th Street,1464400520,EBR,,0,,,,1,,,,0,,,,0,,0,0,,0,,,,,1,,,,,1,,,,
SR 95 & 7th Street,1464400520,EBTL,,0,,,,0,,,,0,,,,-,,0,0,,-,,,,,0,,,,,0,,,,
SR 95 & 7th Street,1464400520,EBTR,,1,,,,0,,,,0,,,,-,,0,0,,-,,,,,0,,,,,0,,,,
SR 95 & 7th Street,1464400520,WBL,,1,,,,1,,,,1,,,,0,,0,0,,0,,,,,1,,,,,1,,,,
SR 95 & 7th Street,1464400520,WBT,,0,,,,1,,,,1,,,,0,,0,0,,0,,,,,1,,,,,1,,,,
SR 95 & 7th Street,1464400520,WBR,,0,,,,1,,,,0,,,,0,,0,0,,0,,,,,1,,,,,1,,,,
SR 95 & 7th Street,1464400520,WBTL,,0,,,,0,,,,0,,,,-,,0,0,,-,,,,,0,,,,,0,,,,
SR 95 & 7th Street,1464400520,WBTR,,1,,,,0,,,,0,,,,-,,0,0,,-,,,,,0,,,,,0,,,,
,,,,,,,,,,,,,,,,,,,,,,,,,,87,,,,,75,"UTDF has low numbers also because it failed to provide, Rancho, Laughlin and SilverCreek numbers",,,
,,,,,,,,,,,,,,,,,,,,,,,,,,,,,,,,,,,
